"","time","region","sanaa","carl","andrew"
"1","2015-11-01","GHOB",1,NA,NA
"2","2015-11-09","GHOB",1,NA,NA
"3","2015-11-25","GADE",1,NA,NA
"4","2015-11-25","GMEL",1,NA,1
"5","2015-12-07","GADE",1,NA,NA
"6","2015-12-07","GMEL",1,NA,NA
"7","2015-12-10","GBRI",1,NA,NA
"8","2015-12-11","GBRI",1,NA,1
"9","2015-12-15","GADE",1,NA,1
"10","2015-12-19","GADE",1,NA,1
"11","2015-12-19","GMEL",NA,NA,1
"12","2015-12-20","GHOB",1,NA,NA
"13","2015-12-20","GMEL",1,1,1
"14","2015-12-25","GADE",1,NA,1
"15","2016-01-01","ACTE",1,NA,NA
"16","2016-01-10","GADE",NA,NA,1
"17","2016-01-11","GADE",NA,NA,1
"18","2016-01-11","GMEL",1,NA,1
"19","2016-01-13","GADE",1,NA,1
"20","2016-01-14","ACTE",1,NA,NA
"21","2016-01-14","GSYD",1,NA,1
"22","2016-01-19","GADE",1,1,1
"23","2016-01-20","ACTE",1,NA,NA
"24","2016-01-21","ACTE",1,NA,NA
"25","2016-01-21","GSYD",1,NA,1
"26","2016-01-23","GBRI",1,1,1
"27","2016-01-28","GHOB",1,NA,NA
"28","2016-01-29","GBRI",1,NA,1
"29","2016-02-02","GBRI",1,1,1
"30","2016-02-22","GADE",NA,NA,1
"31","2016-02-23","GADE",1,NA,1
"32","2016-02-23","GMEL",1,NA,1
"33","2016-03-02","GHOB",1,NA,NA
"34","2016-03-03","ACTE",1,NA,NA
"35","2016-03-04","GMEL",1,NA,1
"36","2016-03-05","ACTE",1,NA,NA
"37","2016-03-06","GADE",1,NA,1
"38","2016-11-08","GBRI",1,NA,1
"39","2016-11-12","GBRI",1,NA,1
"40","2016-11-21","GHOB",1,NA,NA
"41","2016-11-21","GMEL",NA,NA,1
"42","2016-11-21","GSYD",1,NA,NA
"43","2016-11-22","GSYD",1,NA,1
"44","2016-11-23","GSYD",1,NA,NA
"45","2016-12-02","GSYD",1,NA,1
"46","2016-12-03","GBRI",NA,NA,1
"47","2016-12-04","ACTE",1,NA,NA
"48","2016-12-04","GMEL",1,1,1
"49","2016-12-05","ACTE",1,NA,NA
"50","2016-12-05","GSYD",1,NA,1
"51","2016-12-07","GBRI",1,NA,1
"52","2016-12-13","ACTE",1,NA,NA
"53","2016-12-13","GADE",NA,NA,1
"54","2016-12-13","GHOB",1,NA,NA
"55","2016-12-13","GMEL",1,NA,1
"56","2016-12-14","GSYD",1,1,1
"57","2016-12-19","GHOB",1,NA,NA
"58","2016-12-21","GBRI",1,NA,1
"59","2016-12-24","ACTE",1,NA,NA
"60","2016-12-30","GSYD",1,1,1
"61","2017-01-07","GADE",1,NA,1
"62","2017-01-09","ACTE",1,NA,NA
"63","2017-01-13","ACTE",1,NA,NA
"64","2017-01-23","ACTE",1,NA,NA
"65","2017-01-24","ACTE",1,NA,NA
"66","2017-01-24","GSYD",1,1,1
"67","2017-01-29","GSYD",1,NA,NA
"68","2017-01-30","ACTE",1,NA,NA
"69","2017-01-31","ACTE",1,NA,NA
"70","2017-01-31","GSYD",NA,NA,1
"71","2017-02-05","ACTE",1,NA,NA
"72","2017-02-05","GSYD",NA,NA,1
"73","2017-02-06","ACTE",1,NA,NA
"74","2017-02-12","GSYD",1,NA,1
"75","2017-02-13","GBRI",NA,NA,1
"76","2017-02-17","GSYD",1,1,1
"77","2017-03-26","GADE",1,NA,NA
"78","2017-03-27","GHOB",1,NA,NA
"79","2017-03-27","GMEL",1,NA,NA
"80","2017-04-20","GHOB",1,NA,NA
"81","2017-11-13","GADE",1,NA,NA
"82","2017-11-14","GADE",1,NA,NA
"83","2017-11-15","GHOB",1,NA,NA
"84","2017-11-15","GMEL",1,NA,NA
"85","2017-11-24","GMEL",1,NA,NA
"86","2017-11-29","GADE",NA,NA,1
"87","2017-12-13","GADE",NA,NA,1
"88","2017-12-13","GHOB",1,NA,NA
"89","2017-12-18","GADE",1,NA,NA
"90","2017-12-18","GSYD",1,NA,1
"91","2017-12-19","GMEL",1,NA,1
"92","2017-12-20","GSYD",1,NA,1
"93","2017-12-24","GSYD",1,NA,1
"94","2017-12-27","GADE",1,1,1
"95","2017-12-28","GMEL",1,NA,NA
"96","2017-12-29","ACTE",1,NA,NA
"97","2017-12-29","GSYD",1,NA,1
"98","2018-01-06","GHOB",1,NA,NA
"99","2018-01-07","ACTE",1,NA,NA
"100","2018-01-08","ACTE",1,NA,NA
"101","2018-01-08","GSYD",1,NA,1
"102","2018-01-09","ACTE",1,NA,NA
"103","2018-01-09","GSYD",1,1,1
"104","2018-01-11","GADE",1,NA,1
"105","2018-01-12","ACTE",1,NA,NA
"106","2018-01-12","GHOB",1,NA,NA
"107","2018-01-21","GADE",1,NA,1
"108","2018-01-21","GMEL",1,NA,NA
"109","2018-01-22","ACTE",1,NA,NA
"110","2018-01-22","GSYD",1,NA,1
"111","2018-01-23","GSYD",1,1,1
"112","2018-01-24","ACTE",1,NA,NA
"113","2018-01-24","GSYD",1,NA,1
"114","2018-01-25","ACTE",1,NA,NA
"115","2018-01-26","GMEL",NA,NA,1
"116","2018-01-27","GADE",1,NA,1
"117","2018-01-28","GADE",NA,NA,1
"118","2018-01-29","GHOB",1,NA,NA
"119","2018-01-29","GMEL",1,1,1
"120","2018-02-09","ACTE",1,NA,NA
"121","2018-02-09","GSYD",1,NA,1
"122","2018-02-10","ACTE",1,NA,NA
"123","2018-02-10","GHOB",1,NA,NA
"124","2018-02-10","GMEL",1,NA,NA
"125","2018-02-11","GBRI",NA,NA,1
"126","2018-02-15","GBRI",1,NA,1
"127","2018-02-16","GBRI",1,NA,1
"128","2018-02-23","GMEL",1,1,1
"129","2018-02-27","GHOB",1,NA,NA
"130","2018-02-28","GHOB",1,NA,NA
"131","2018-03-17","GMEL",1,NA,1
"132","2018-11-01","GMEL",1,NA,NA
"133","2018-11-06","GSYD",1,NA,NA
"134","2018-11-19","GADE",1,NA,1
"135","2018-11-20","GHOB",1,NA,NA
"136","2018-12-07","GHOB",1,NA,NA
"137","2018-12-07","GMEL",1,NA,1
"138","2018-12-08","GMEL",1,1,1
"139","2018-12-09","ACTE",1,NA,NA
"140","2018-12-12","GADE",1,NA,NA
"141","2018-12-16","GHOB",1,NA,NA
"142","2018-12-20","GSYD",NA,NA,1
"143","2018-12-28","GADE",1,NA,1
"144","2018-12-30","ACTE",1,NA,NA
"145","2018-12-31","ACTE",1,NA,NA
"146","2018-12-31","GSYD",1,NA,1
"147","2019-01-02","GSYD",1,NA,1
"148","2019-01-04","GHOB",1,NA,NA
"149","2019-01-05","ACTE",1,NA,NA
"150","2019-01-05","GSYD",1,NA,1
"151","2019-01-11","GADE",NA,NA,1
"152","2019-01-16","GADE",1,1,1
"153","2019-01-16","GMEL",1,NA,NA
"154","2019-01-17","GADE",1,NA,1
"155","2019-01-17","GMEL",1,1,1
"156","2019-01-18","ACTE",1,NA,NA
"157","2019-01-23","ACTE",1,NA,NA
"158","2019-01-23","GSYD",1,NA,1
"159","2019-01-25","GHOB",1,NA,NA
"160","2019-01-27","ACTE",1,NA,NA
"161","2019-01-27","GSYD",1,NA,1
"162","2019-01-30","GHOB",1,NA,NA
"163","2019-01-30","GMEL",1,NA,1
"164","2019-01-30","GSYD",1,NA,NA
"165","2019-02-03","ACTE",1,NA,NA
"166","2019-02-04","ACTE",1,NA,NA
"167","2019-02-06","GMEL",NA,NA,1
"168","2019-02-18","ACTE",1,NA,NA
"169","2019-03-03","GHOB",1,NA,NA
"170","2019-03-03","GMEL",1,NA,1
"171","2019-03-04","ACTE",1,NA,NA
"172","2019-03-05","GSYD",1,NA,NA
"173","2019-03-06","GSYD",1,1,1
"174","2019-03-11","GBRI",1,NA,1
"175","2019-03-29","GHOB",1,NA,NA
"176","2019-04-05","GADE",1,NA,NA
"177","2019-04-17","GHOB",1,NA,NA
"178","2019-04-21","GHOB",1,NA,NA
"179","2019-11-01","GHOB",1,NA,NA
"180","2019-11-21","GHOB",1,NA,NA
"181","2019-11-21","GMEL",1,NA,1
"182","2019-11-26","GSYD",1,NA,NA
"183","2019-12-09","GHOB",1,NA,NA
"184","2019-12-10","GSYD",1,NA,1
"185","2019-12-11","GBRI",1,NA,1
"186","2019-12-15","GSYD",1,NA,NA
"187","2019-12-19","ACTE",1,NA,NA
"188","2019-12-19","GSYD",1,NA,1
"189","2019-12-20","GADE",1,NA,1
"190","2019-12-29","ACTE",1,NA,NA
"191","2019-12-30","GHOB",1,NA,NA
"192","2019-12-30","GMEL",1,NA,1
"193","2020-01-04","GHOB",1,NA,NA
"194","2020-01-10","GHOB",1,NA,NA
"195","2020-01-10","GMEL",1,1,1
"196","2020-01-11","GBRI",1,NA,1
"197","2020-01-15","GHOB",1,NA,NA
"198","2020-01-15","GMEL",1,NA,1
"199","2020-01-16","ACTE",1,NA,NA
"200","2020-01-20","GBRI",1,NA,NA
"201","2020-01-20","GSYD",1,NA,NA
"202","2020-01-21","GBRI",NA,NA,1
"203","2020-01-22","GBRI",NA,NA,1
"204","2020-01-22","GHOB",1,NA,NA
"205","2020-01-22","GMEL",1,NA,NA
"206","2020-01-23","GSYD",NA,NA,1
"207","2020-01-24","GBRI",1,NA,NA
"208","2020-01-26","GSYD",1,NA,1
"209","2020-01-28","GSYD",1,NA,1
"210","2020-01-31","GADE",1,NA,NA
"211","2020-01-31","GHOB",1,NA,NA
"212","2020-01-31","GMEL",1,NA,1
"213","2020-02-01","GMEL",1,NA,NA
"214","2020-02-02","ACTE",1,NA,NA
"215","2020-02-02","GSYD",1,NA,1
"216","2020-02-18","GSYD",1,NA,NA
"217","2020-03-02","GSYD",NA,NA,1
"218","2020-03-12","GHOB",1,NA,NA
"219","2020-03-17","GHOB",1,NA,NA
"220","2020-03-18","GADE",1,NA,NA
"221","2020-03-19","GMEL",1,NA,NA
"222","2020-03-29","GHOB",1,NA,NA
"223","2020-11-10","GADE",1,1,1
"224","2020-11-12","GHOB",1,NA,NA
"225","2020-11-15","GMEL",1,NA,NA
"226","2020-11-16","GSYD",NA,NA,1
"227","2020-11-17","GBRI",1,NA,1
"228","2020-11-21","GADE",1,NA,NA
"229","2020-11-22","GADE",1,1,1
"230","2020-11-22","GMEL",1,NA,NA
"231","2020-11-24","GBRI",NA,NA,1
"232","2020-11-28","ACTE",1,NA,NA
"233","2020-11-29","GSYD",1,NA,1
"234","2020-12-01","ACTE",1,NA,NA
"235","2020-12-01","GHOB",1,NA,NA
"236","2020-12-07","GBRI",1,1,1
"237","2020-12-14","GADE",1,NA,NA
"238","2020-12-15","GMEL",NA,NA,1
"239","2020-12-27","GMEL",1,NA,NA
"240","2021-01-11","GADE",1,NA,1
"241","2021-01-16","GBRI",1,NA,1
"242","2021-01-25","GADE",1,NA,NA
"243","2021-01-25","GHOB",1,NA,NA
"244","2021-01-25","GMEL",1,1,1
"245","2021-02-05","GHOB",1,NA,NA
"246","2021-02-06","GHOB",1,NA,NA
"247","2021-02-11","GADE",1,1,1
"248","2021-02-11","GHOB",1,NA,NA
"249","2021-02-11","GMEL",1,1,1
"250","2021-02-12","GSYD",1,NA,NA
"251","2021-02-13","GBRI",1,NA,NA
"252","2021-02-19","GADE",1,1,1
"253","2021-02-23","GBRI",NA,NA,1
"254","2021-03-12","GHOB",1,NA,NA
"255","2021-04-01","GHOB",1,NA,NA
"256","2021-12-01","GHOB",1,NA,NA
"257","2021-12-02","GHOB",1,NA,NA
"258","2021-12-13","GMEL",1,NA,NA
"259","2021-12-18","GHOB",1,NA,NA
"260","2021-12-19","GSYD",1,1,1
"261","2022-01-01","GADE",1,NA,NA
"262","2022-01-07","GHOB",1,NA,NA
"263","2022-01-10","GADE",NA,NA,1
"264","2022-01-21","GADE",1,NA,NA
"265","2022-01-28","GHOB",1,NA,NA
"266","2022-01-28","GMEL",1,1,1
"267","2022-02-01","GSYD",1,NA,NA
"268","2022-02-09","GHOB",1,NA,NA
"269","2022-02-13","GHOB",1,NA,NA
"270","2022-02-13","GMEL",1,NA,1
"271","2022-02-23","GHOB",1,NA,NA
"272","2022-03-04","GMEL",1,NA,NA
"273","2022-03-05","GHOB",1,NA,NA
"274","2022-03-17","GHOB",1,NA,NA
"275","2022-12-26","ACTE",1,NA,NA
"276","2023-01-02","GHOB",1,NA,NA
"277","2023-01-13","ACTE",1,NA,NA
"278","2023-01-14","GADE",1,NA,1
"279","2023-01-17","GADE",1,1,1
"280","2023-01-18","ACTE",1,NA,NA
"281","2023-01-18","GSYD",1,NA,NA
"282","2023-01-26","GSYD",1,NA,1
"283","2023-01-28","GHOB",1,NA,NA
"284","2023-01-28","GMEL",1,NA,1
"285","2023-01-29","GSYD",1,1,1
"286","2023-02-03","GBRI",1,NA,1
"287","2023-02-18","ACTE",1,NA,NA
"288","2023-02-18","GSYD",1,NA,1
"289","2023-02-25","GHOB",1,NA,NA
"290","2023-03-05","GMEL",1,NA,NA
"291","2023-03-14","GHOB",1,NA,NA
"292","2023-03-18","GMEL",1,NA,1
"293","2023-11-15","GBRI",NA,NA,1
"294","2023-12-01","GBRI",1,NA,NA
"295","2023-12-08","ACTE",1,NA,NA
"296","2023-12-08","GADE",1,1,1
"297","2023-12-08","GHOB",1,NA,NA
"298","2023-12-08","GMEL",1,NA,1
"299","2023-12-09","ACTE",1,NA,NA
"300","2023-12-13","GHOB",1,NA,NA
"301","2023-12-13","GMEL",1,NA,NA
"302","2023-12-19","ACTE",1,NA,NA
"303","2023-12-19","GSYD",1,NA,NA
"304","2023-12-30","GBRI",1,NA,NA
