time,region,nhours
2015-11-01,GHOB,2
2015-11-09,GHOB,1
2015-11-25,GADE,1
2015-11-25,GMEL,1
2015-12-07,GADE,1
2015-12-07,GMEL,1
2015-12-10,GBRI,1
2015-12-11,GBRI,1
2015-12-15,GADE,2
2015-12-19,GADE,3
2015-12-20,GHOB,3
2015-12-20,GMEL,2
2015-12-25,GADE,3
2016-01-01,ACTE,1
2016-01-11,GMEL,2
2016-01-13,GADE,4
2016-01-14,ACTE,1
2016-01-14,GSYD,4
2016-01-19,GADE,6
2016-01-20,ACTE,2
2016-01-21,ACTE,2
2016-01-21,GSYD,2
2016-01-23,GBRI,2
2016-01-28,GHOB,1
2016-01-29,GBRI,1
2016-02-02,GBRI,6
2016-02-23,GADE,3
2016-02-23,GMEL,2
2016-03-02,GHOB,1
2016-03-03,ACTE,3
2016-03-04,GMEL,1
2016-03-05,ACTE,2
2016-03-06,GADE,3
2016-11-08,GBRI,1
2016-11-12,GBRI,2
2016-11-21,GHOB,5
2016-11-21,GSYD,2
2016-11-22,GSYD,1
2016-11-23,GSYD,1
2016-12-02,GSYD,2
2016-12-04,ACTE,1
2016-12-04,GMEL,4
2016-12-05,ACTE,3
2016-12-05,GSYD,2
2016-12-07,GBRI,3
2016-12-13,ACTE,1
2016-12-13,GHOB,1
2016-12-13,GMEL,3
2016-12-14,GSYD,5
2016-12-19,GHOB,1
2016-12-21,GBRI,2
2016-12-24,ACTE,2
2016-12-30,GSYD,4
2017-01-07,GADE,1
2017-01-09,ACTE,3
2017-01-13,ACTE,3
2017-01-23,ACTE,1
2017-01-24,ACTE,1
2017-01-24,GSYD,6
2017-01-29,GSYD,2
2017-01-30,ACTE,1
2017-01-31,ACTE,1
2017-02-05,ACTE,1
2017-02-06,ACTE,1
2017-02-12,GSYD,1
2017-02-17,GSYD,3
2017-03-26,GADE,1
2017-03-27,GHOB,2
2017-03-27,GMEL,2
2017-04-20,GHOB,2
2017-11-13,GADE,1
2017-11-14,GADE,1
2017-11-15,GHOB,2
2017-11-15,GMEL,2
2017-11-24,GMEL,1
2017-12-13,GHOB,5
2017-12-18,GADE,2
2017-12-18,GSYD,1
2017-12-19,GMEL,1
2017-12-20,GSYD,3
2017-12-24,GSYD,2
2017-12-27,GADE,5
2017-12-28,GMEL,1
2017-12-29,ACTE,1
2017-12-29,GSYD,4
2018-01-06,GHOB,4
2018-01-07,ACTE,1
2018-01-08,ACTE,4
2018-01-08,GSYD,2
2018-01-09,ACTE,1
2018-01-09,GSYD,2
2018-01-11,GADE,2
2018-01-12,ACTE,1
2018-01-12,GHOB,1
2018-01-21,GADE,2
2018-01-21,GMEL,1
2018-01-22,ACTE,6
2018-01-22,GSYD,2
2018-01-23,GSYD,4
2018-01-24,ACTE,1
2018-01-24,GSYD,2
2018-01-25,ACTE,1
2018-01-27,GADE,1
2018-01-29,GHOB,5
2018-01-29,GMEL,5
2018-02-09,ACTE,1
2018-02-09,GSYD,1
2018-02-10,ACTE,3
2018-02-10,GHOB,2
2018-02-10,GMEL,1
2018-02-15,GBRI,2
2018-02-16,GBRI,1
2018-02-23,GMEL,1
2018-02-27,GHOB,1
2018-02-28,GHOB,1
2018-03-17,GMEL,2
2018-11-01,GMEL,3
2018-11-06,GSYD,3
2018-11-19,GADE,1
2018-11-20,GHOB,4
2018-12-07,GHOB,3
2018-12-07,GMEL,1
2018-12-08,GMEL,4
2018-12-09,ACTE,1
2018-12-12,GADE,1
2018-12-16,GHOB,3
2018-12-28,GADE,2
2018-12-30,ACTE,2
2018-12-31,ACTE,2
2018-12-31,GSYD,3
2019-01-02,GSYD,3
2019-01-04,GHOB,1
2019-01-05,ACTE,1
2019-01-05,GSYD,1
2019-01-16,GADE,4
2019-01-16,GMEL,2
2019-01-17,GADE,2
2019-01-17,GMEL,7
2019-01-18,ACTE,2
2019-01-23,ACTE,1
2019-01-23,GSYD,1
2019-01-25,GHOB,5
2019-01-27,ACTE,7
2019-01-27,GSYD,2
2019-01-30,GHOB,2
2019-01-30,GMEL,2
2019-01-30,GSYD,3
2019-02-03,ACTE,1
2019-02-04,ACTE,3
2019-02-18,ACTE,2
2019-03-03,GHOB,1
2019-03-03,GMEL,3
2019-03-04,ACTE,3
2019-03-05,GSYD,1
2019-03-06,GSYD,2
2019-03-11,GBRI,4
2019-03-29,GHOB,1
2019-04-05,GADE,1
2019-04-17,GHOB,4
2019-04-17,GMEL,1
2019-04-21,GHOB,2
2019-11-01,GHOB,5
2019-11-21,GHOB,2
2019-11-21,GMEL,2
2019-11-26,GSYD,1
2019-12-09,GHOB,3
2019-12-10,GSYD,2
2019-12-11,GBRI,1
2019-12-15,GSYD,2
2019-12-19,ACTE,1
2019-12-19,GSYD,3
2019-12-20,GADE,1
2019-12-29,ACTE,4
2019-12-30,GHOB,1
2019-12-30,GMEL,2
2020-01-04,GHOB,1
2020-01-10,GHOB,4
2020-01-10,GMEL,3
2020-01-11,GBRI,4
2020-01-15,GHOB,3
2020-01-15,GMEL,1
2020-01-16,ACTE,2
2020-01-20,GBRI,2
2020-01-20,GSYD,1
2020-01-22,GHOB,3
2020-01-22,GMEL,1
2020-01-24,GBRI,3
2020-01-26,GSYD,1
2020-01-28,GSYD,1
2020-01-31,GADE,3
2020-01-31,GHOB,2
2020-01-31,GMEL,2
2020-02-01,GMEL,2
2020-02-02,ACTE,1
2020-02-02,GSYD,2
2020-02-18,GSYD,2
2020-02-28,GBRI,1
2020-03-12,GHOB,2
2020-03-17,GHOB,1
2020-03-18,GADE,2
2020-03-19,GMEL,3
2020-03-29,GHOB,2
2020-11-10,GADE,3
2020-11-12,GHOB,1
2020-11-15,GMEL,1
2020-11-17,GBRI,3
2020-11-21,GADE,2
2020-11-22,GADE,4
2020-11-22,GMEL,2
2020-11-28,ACTE,1
2020-11-29,GSYD,2
2020-12-01,ACTE,1
2020-12-01,GHOB,1
2020-12-07,GBRI,5
2020-12-14,GADE,2
2020-12-27,GMEL,2
2021-01-11,GADE,3
2021-01-16,GBRI,1
2021-01-25,GADE,2
2021-01-25,GHOB,4
2021-01-25,GMEL,5
2021-02-05,GHOB,3
2021-02-06,GHOB,1
2021-02-11,GADE,4
2021-02-11,GHOB,2
2021-02-11,GMEL,5
2021-02-12,GSYD,1
2021-02-13,GBRI,2
2021-02-19,GADE,5
2021-03-12,GHOB,2
2021-04-01,GHOB,1
2021-12-01,GHOB,2
2021-12-02,GHOB,1
2021-12-13,GMEL,2
2021-12-18,GHOB,1
2021-12-19,GSYD,2
2022-01-01,GADE,2
2022-01-07,GHOB,3
2022-01-21,GADE,1
2022-01-28,GHOB,5
2022-01-28,GMEL,2
2022-02-01,GSYD,1
2022-02-09,GHOB,3
2022-02-13,GHOB,4
2022-02-13,GMEL,1
2022-02-23,GHOB,1
2022-03-04,GMEL,1
2022-03-05,GHOB,1
2022-03-17,GHOB,2
2022-12-26,ACTE,3
2023-01-02,GHOB,2
2023-01-13,ACTE,1
2023-01-14,GADE,1
2023-01-17,GADE,2
2023-01-18,ACTE,3
2023-01-18,GSYD,1
2023-01-26,GSYD,2
2023-01-28,GHOB,3
2023-01-28,GMEL,3
2023-01-29,GSYD,2
2023-02-03,GBRI,3
2023-02-18,ACTE,1
2023-02-18,GSYD,2
2023-02-25,GHOB,4
2023-03-05,GMEL,2
2023-03-14,GHOB,2
2023-03-18,GMEL,1
2023-12-01,GBRI,2
2023-12-08,ACTE,1
2023-12-08,GADE,3
2023-12-08,GHOB,2
2023-12-08,GMEL,2
2023-12-09,ACTE,1
2023-12-13,GHOB,3
2023-12-13,GMEL,2
2023-12-19,ACTE,4
2023-12-19,GSYD,1
2023-12-30,GBRI,1
2024-01-03,GHOB,1
2024-01-07,GHOB,3
2024-01-24,GSYD,1
2024-01-25,GSYD,7
2024-02-04,ACTE,1
2024-02-05,GSYD,4
2024-02-13,GHOB,5
2024-02-13,GMEL,1
2024-02-13,GSYD,1
2024-02-22,GHOB,1
2024-02-23,GSYD,1
2024-02-28,GHOB,3
2024-02-29,ACTE,3
2024-02-29,GSYD,2
2024-03-01,ACTE,2
2024-03-01,GSYD,1
2024-03-09,GADE,1
2024-03-10,GHOB,2
2024-03-14,GSYD,1
2024-03-19,GHOB,3
2024-11-07,GSYD,2
2024-11-08,GBRI,4
2024-11-16,GADE,1
2024-11-16,GHOB,3
2024-11-17,GHOB,3
2024-11-23,GHOB,3
2024-11-23,GMEL,3
2024-11-27,GSYD,2
2024-12-02,GADE,2
2024-12-05,GADE,2
2024-12-06,GADE,2
2024-12-16,GMEL,2
2024-12-26,GHOB,4
2024-12-26,GMEL,1
